x,y,label
1.9135201,3.0619843,5
8.910916,3.7645102,0
-0.44185853,-9.077388,4
-7.009304,5.123133,1
-1.44912,-4.787497,9
-4.098476,-0.013809837,2
-1.0533314,-0.9352429,1
2.9230568,5.9498262,3
-1.2674991,-0.55451405,1
-3.7089205,-2.7306335,4
2.7565303,4.222171,3
1.2516851,-2.182028,5
4.394097,2.4616225,3
7.5485363,-4.4014854,6
-1.3694167,-0.41479194,1
-9.057472,-1.5708863,7
-2.882293,-1.2952569,2
-3.679332,8.484716,8
4.493888,-3.60327,6
-6.6401677,-0.5956789,9
0.6377678,-9.751758,4
9.106518,4.0651298,0
-5.847864,-1.2156761,9
-7.083561,5.078759,1
-0.62758005,1.408133,1
0.49165145,9.31713,2
-1.5452551,-4.495292,4
3.316596,5.3443704,3
-7.686573,-2.190124,2
-8.89399,0.6365759,7
-0.31302875,-2.6112776,3
-4.369607,8.573468,8
5.2916784,-5.1561213,6
-7.379282,-0.3975507,9
7.2817435,3.2691495,0
1.53197,-1.2430459,5
5.5936394,-3.6481626,6
7.502697,3.4962785,0
-1.7665058,-3.0534823,7
6.250167,-4.831379,6
-2.4989288,1.1058519,1
-2.6971219,7.3705487,8
-2.4070013,-3.3800821,7
-5.5081997,-1.2998599,9
2.9246285,1.6007336,3
-5.1253915,-3.7737594,9
0.4476867,2.251163,8
0.7559988,-0.47922507,5
1.938378,1.6235794,9
3.2299836,5.538605,3
3.7698798,4.0669417,3
9.713591,2.458719,0
-8.27426,-5.618884,7
-6.2458973,2.0458763,4
-6.419924,-6.813554,9
-3.13853,7.4765596,8
9.841711,0.8199421,0
-6.011487,-1.9651767,9
0.048313927,-7.938079,4
-6.639346,4.8144135,1
1.4917382,-9.930039,4
-8.469933,3.488794,4
6.268724,-3.1784623,6
9.00383,3.1702414,0
0.47296697,-5.852462,4
1.2676421,-2.2149363,5
7.4288673,-3.2625692,6
-4.601901,2.6618495,1
10.345297,0.17893462,0
7.542362,2.2896194,0
-1.5309244,0.029166542,1
-9.053896,-0.28287762,7
-1.8353653,0.21405986,1
7.5455112,-3.747579,6
3.0496917,2.3517592,3
7.7033057,3.252921,0
-2.368299,3.7290683,2
-5.6837816,4.011969,1
-5.187793,4.037112,1
-8.953951,0.19759971,7
5.241728,2.8851495,9
7.6099334,3.2045536,0
1.7135308,7.7748003,2
7.7407484,-4.1183395,6
-7.1002007,-4.855251,7
-2.4575357,8.478517,8
4.857684,1.6260772,3
-6.2490325,-2.5856256,9
9.905746,1.1095226,0
-3.8670359,-3.1723347,4
7.0392275,-4.662522,6
-9.94005,-2.5748672,7
-0.21876179,-8.11138,4
7.5757585,-3.8690596,6
-3.2149265,7.376631,8
7.6909347,2.8107357,0
-6.4252496,-3.8142107,7
-2.9619424,7.818397,8
3.2172217,2.4038615,3
-5.8364353,2.6521082,1
1.3443899,-3.5550344,5
-8.270226,-6.28784,7
-1.5592763,-0.08076267,1
-8.551056,-3.520193,7
-1.0355219,-0.94700307,1
-5.291076,4.0933366,1
5.556709,-4.535442,6
3.721652,6.9548607,3
10.342899,0.31806144,0
-2.3782656,-1.1195685,2
0.41409826,-7.950493,9
2.443673,5.232722,3
-2.2509718,0.8979972,1
-6.109509,4.7649703,1
10.396152,2.64274,0
-3.9406452,-3.7580693,4
-1.1177964,-6.033795,9
-1.268493,4.6313224,2
8.630761,1.624691,0
8.945898,4.4629073,0
-8.334888,-4.352868,2
10.444407,1.476205,0
-2.7182932,4.6423893,2
-9.451303,-1.1802238,7
-3.2794433,1.6210241,1
-2.6035929,7.1843085,8
5.0766487,-4.172337,6
-3.6593199,-2.4845216,4
-2.297502,1.393205,1
6.934399,-2.7755308,6
2.8203669,2.6995234,3
-3.8217854,-2.70723,4
-0.9509713,1.15728,5
-5.165099,-3.1111422,9
1.5531168,-3.3505123,1
3.720267,7.210269,3
3.7679749,1.9656907,3
-4.6126876,4.6498804,8
5.325799,4.4230847,5
-3.4674654,-4.447964,4
-5.9450817,-0.082408704,7
-8.885603,0.5586232,7
-2.87251,-5.645072,4
-3.5505252,-0.11468081,2
2.9873834,1.2820295,8
1.1805348,-1.9045364,5
-2.8911922,7.7449827,8
6.0386972,-4.4144573,6
-3.5855973,-3.9331627,7
3.9246135,3.4168355,3
-2.5846448,1.1561474,4
6.910252,-4.754767,6
-3.1945713,1.963356,1
-5.892393,-1.2181683,9
-6.7385154,-6.75797,9
7.5627937,-3.617886,6
10.279816,3.6030562,0
3.7773418,7.133348,3
1.1687772,-4.6862717,7
-1.2898953,4.514317,2
0.04553324,1.9231822,8
0.47149628,9.3687935,2
-0.767819,-5.565393,9
-8.6274605,3.4039478,4
0.1451575,-9.725086,4
7.2459774,-3.6055357,6
-3.357834,-4.647752,4
-6.073591,-2.5009606,9
-6.8019443,1.781636,7
7.537166,2.7544062,0
-0.7664671,-5.7763586,9
-1.2759374,4.5989237,2
-6.8671155,-6.752548,9
1.38165,-2.1023998,5
-2.8522203,1.2750235,1
1.4687154,-1.9682758,5
-0.5304652,-4.9818482,9
-5.151719,3.8051438,1
1.7478304,6.790131,2
2.5480793,5.5073647,3
-2.3796215,2.2789807,2
-6.1818485,0.5637908,3
5.0133386,3.0287075,5
-5.428266,-3.5454862,9
-1.2042428,-0.7000682,1
-9.888683,-2.7995472,7
4.672022,-6.0593696,6
-1.3488579,4.6469736,2
0.9828683,-3.7635918,8
-3.381511,-0.13187173,2
-2.7850544,3.7539525,2
1.2168897,-1.9703289,5
8.299644,2.1531367,0
-9.956799,-2.6805494,7
-0.68207777,-8.287527,4
-6.4136844,-1.4284748,9
-2.3361006,-9.089794,7
-3.8005157,8.594242,8
3.7401547,2.0095143,3
-3.701067,-0.086226255,2
-1.120803,-0.8538348,1
-7.110179,5.180255,1
-3.6562955,8.726814,8
2.2251751,5.393707,3
5.4414086,-4.6466837,6
-6.522965,4.8614626,1
10.374007,1.8515012,0
-6.3390255,0.47943446,3
-3.4103172,2.1020594,1
10.261649,1.249508,0
8.129905,0.7402528,0
-3.4570498,2.2263248,1
-1.5077,-1.7135603,7
-0.29591614,7.2404494,2
-7.4204926,-6.1969967,7
3.7820215,6.611177,3
7.592422,0.7444459,0
-2.6362212,-5.6823874,4
5.1201863,-5.908785,6
2.0433075,-0.10389164,5
-1.413256,6.525233,2
6.631608,-5.8595266,6
0.27673033,-9.876053,4
-9.10646,-3.149559,7
-6.412212,-3.3258944,1
-2.2858443,8.837929,8
-0.18557909,-5.667516,9
-5.0004215,-2.820391,9
1.6415796,-3.3749058,3
10.060194,0.8370258,0
-8.71748,-1.7822188,7
-3.531009,2.2521515,1
3.9254236,-4.159761,0
0.19564576,7.6543603,2
8.370275,1.649238,0
3.7558584,6.9326487,3
0.8541803,0.021537032,5
-2.8202488,-6.498586,4
5.6274824,-5.55779,6
1.9147131,-0.6733918,5
-1.1910974,1.128964,8
5.8297715,-6.8143067,6
3.8334837,6.04443,3
-8.602374,-3.6947923,7
5.8205934,1.0403043,5
-2.8356287,8.530685,8
10.050827,-0.041522905,0
-4.9503465,-2.851366,9
-0.9766975,-1.0634174,1
10.269089,0.7963075,0
-0.4332652,-2.8606129,3
-3.534712,2.2637107,1
-2.631318,3.5287344,2
0.6002242,7.803245,2
4.7816334,3.0279455,3
3.7991753,7.111456,3
-0.061236795,1.2857418,6
-3.395711,-5.1753488,4
-6.7648253,-3.3758223,7
1.8816814,-0.6882856,5
2.3438516,-4.6762486,0
7.097587,-4.9362516,6
-0.43575236,1.3241873,2
-8.888272,-3.3329818,7
0.8329457,-8.44913,9
-2.6948292,8.418681,8
3.6739652,1.2735671,5
-4.724228,-3.3684888,9
-2.3604753,-2.3988678,2
-4.770132,2.9289489,1
-3.312988,1.6867573,1
-3.0240211,-5.172309,4
-6.2692456,-6.8799148,4
1.906303,-0.69003105,5
5.6770773,-1.8753514,6
-3.2104704,-5.627299,4
-3.4484658,1.5427743,1
0.56499064,7.868127,2
4.0519786,4.6348214,5
2.858228,6.2361813,3
-5.042763,-3.4713264,9
3.6298656,6.9662027,3
0.9395249,-8.015647,9
10.157401,1.299243,0
5.2988324,1.6583668,5
-4.9072876,-2.9055145,9
6.2475605,-4.1740355,6
1.8863626,-0.9989681,5
-6.905334,-4.538364,7
-3.0831923,-5.2858195,4
-4.386359,2.4838722,1
3.9699743,7.006846,3
-1.2417092,-2.5654309,4
9.010759,2.6392395,0
1.2637742,-9.928276,4
-3.491021,8.564525,8
8.577481,1.3701549,0
-3.4658146,-5.1845117,4
4.3716173,2.2328324,3
6.56054,-6.0220785,6
-4.1622233,6.061698,8
-8.804105,-2.992526,7
6.8914075,-2.8822064,6
8.744192,3.4072807,0
-0.31628585,-4.9588842,9
-8.833916,-1.6497204,7
6.920952,1.2748098,5
-8.06773,-2.676489,7
0.17698705,7.5452833,2
-5.211095,3.1614156,1
-2.3049734,0.92328596,1
7.021868,-5.1578426,6
0.38006875,2.6636755,8
-5.1336336,-2.5589015,9
-1.0562203,-8.567511,4
-5.8681216,4.2292504,1
5.178834,1.572444,5
0.3891411,7.7966933,2
-6.9256964,4.044587,2
-6.017328,-1.8388997,9
7.839652,2.0473456,0
3.821037,6.9739757,3
-0.48615423,-8.184072,9
6.3723655,-6.3131185,6
-6.403433,-4.5160723,7
0.2141351,7.6804066,2
8.58765,2.1051457,0
4.045628,7.1553493,3
3.6806736,-0.42775172,5
-3.39188,-5.4534817,4
3.8042736,4.0714107,3
6.758047,-4.8591013,6
3.7149603,0.7587619,5
0.89177895,3.751362,8
-0.38877663,-7.6024237,9
1.8667176,-0.8576455,5
-2.022696,-4.979025,4
-9.071206,-2.7474916,7
-2.6350062,-6.1464353,4
0.23936547,7.710139,2
0.1845769,-4.82168,7
3.5713515,6.9998045,3
-1.7345499,-4.0114226,4
-3.7236733,8.675211,8
-0.2822996,-6.786726,9
-5.9720573,4.2999525,1
-3.5303648,-1.7299385,9
0.6003189,7.822748,2
-0.12926844,3.590741,8
-9.064856,-3.322842,7
-0.77060217,-6.2225986,9
-6.0827637,4.6798205,1
5.105011,2.8537772,8
-8.096112,-2.484981,7
-0.92686737,-4.782293,4
-6.3296328,4.84886,1
2.90626,2.492501,3
-5.4424343,4.2886424,1
-1.1205832,-0.8306452,1
9.41234,2.5827982,0
-2.437656,3.6596692,2
2.9201047,6.294926,3
-1.3420951,-5.523142,9
-3.3729432,-4.5667295,4
-2.6408248,-4.324956,9
-0.15502782,7.4950113,2
-1.8533828,0.33668604,1
6.9649844,-5.4157934,6
-1.0455412,1.3929033,8
-3.094475,-5.772931,4
-3.0354533,0.94591105,7
-8.661066,-5.0247416,7
-1.9004675,-4.936536,4
-3.39451,-4.8340945,4
0.13071042,-6.466641,9
0.28816408,7.7283835,2
2.1731744,1.3111705,5
-9.286265,-2.7941825,7
-2.36143,4.576235,2
-3.457127,-4.4832687,4
-1.1008079,-9.141549,4
0.17138879,7.635241,2
-1.5494423,-0.1591886,1
-5.6446342,-2.870687,9
-1.2068329,-3.386884,7
0.18595912,7.755977,2
5.1447363,1.554227,8
-8.671022,-2.4541817,7
4.2757616,-2.7371967,6
-5.7697787,-2.1895542,9
-2.3678367,5.411819,2
0.9020527,6.4694037,2
3.9876192,2.6806026,3
-3.7447307,8.492431,8
-0.79795176,-1.2299194,1
7.1450167,-4.981413,6
4.058181,-2.451157,5
-6.601913,4.703003,1
-1.4735847,-0.04675412,1
8.714436,3.9997318,0
-2.3263674,3.4519312,2
5.878897,-3.6160417,6
-3.1902602,-5.8284717,4
1.8794601,-0.4428771,5
4.1175175,3.1517766,8
3.5746403,6.936871,3
-0.95677423,-1.0631412,1
1.9052896,-0.47824126,5
-2.6260989,1.1403188,1
-6.032961,-1.8715372,9
-2.837047,4.526266,2
-8.866234,-1.5777184,7
-2.066154,-3.5312603,4
-3.4592376,-4.882131,4
5.5903783,-3.0187843,4
-4.628002,8.498307,8
-4.8318954,3.7006412,1
1.5611699,-1.9308656,5
1.0407802,-2.3547993,8
-5.8276334,-2.1480281,9
-3.501834,-1.7316812,5
7.0431075,-4.691361,6
-4.821098,-1.0548421,7
-5.996535,-1.8014572,9
1.3856046,-6.640704,9
2.390267,5.538658,3
-7.910489,-6.498073,7
8.623892,3.745247,0
0.089706056,-6.2738295,9
10.226688,1.4591027,0
4.8819923,-3.8323562,6
6.5879464,-4.980357,6
0.20566791,5.6634555,2
3.9818065,6.850095,3
0.35143515,-8.266675,9
10.3046875,1.9705274,0
0.11339426,-4.663551,7
1.920116,-1.0852656,5
-0.35807753,-7.8633776,4
-4.278588,8.553593,8
9.985748,0.75378937,0
-5.05162,-2.5704026,9
-2.3250797,-5.9322085,4
-6.598457,4.6520033,1
-0.9834129,-1.1208434,2
-2.8348043,8.434984,8
-2.0473917,-8.793155,7
-6.492394,4.7370796,1
0.17537501,7.216694,2
7.159633,-4.895914,6
-2.6379263,1.4033191,1
7.5672674,2.62669,0
4.116542,4.8640914,3
9.699149,4.249744,0
-1.9243529,0.47599816,1
-5.975266,3.5083365,1
-3.3207014,6.8268433,8
0.81673694,7.2193255,2
9.982217,1.3275771,0
-0.089681365,-5.7251563,3
-0.553362,-7.268183,9
-3.6227112,-6.119954,4
10.448822,2.805745,0
1.3406428,-2.0034332,5
10.179566,0.6416568,0
7.9277086,-3.7110085,6
-5.0473022,2.3504024,1
-9.910945,-1.8578871,7
1.3914953,-4.694544,7
-4.0125346,7.585825,8
-0.7302259,-1.3235013,1
-6.7461033,-1.1130478,9
-3.3569136,2.4523358,2
9.411319,4.6924243,0
3.64174,-0.2933719,5
-7.303472,4.767075,1
-4.0009756,-0.29976085,2
1.0531365,7.3534365,2
-6.3717155,-4.5649614,7
3.496011,4.3380713,3
3.595951,-0.3727437,5
-3.742908,-2.711801,4
-1.9301295,-4.7460914,9
-9.973558,-1.6112673,7
-1.6737496,0.2325529,1
-4.5544486,8.23506,8
4.4166636,2.000027,3
-8.180677,0.9027175,9
4.6008043,-7.013359,6
10.326658,3.9101603,0
4.304613,3.9297304,3
-7.819206,5.802036,1
-5.3504205,4.081602,1
0.668568,6.594563,2
9.356925,0.44360027,6
4.158479,5.027781,3
5.6349697,5.3923674,5
-8.44077,1.1333922,7
5.450126,-3.7782047,6
-2.9699767,7.8971157,8
-6.714979,-3.7893336,3
-8.2362795,1.0488248,9
1.9206188,1.3542786,5
-4.33406,8.601051,8
4.723852,4.0033045,5
-9.272165,-3.1068945,7
2.434471,-5.2749505,6
-7.1821356,4.801381,1
-7.336324,5.3624544,1
-2.479425,6.8366766,3
-4.8523717,2.7778716,1
-8.563966,1.3682599,7
3.5917199,-0.7398544,5
1.3868889,-1.8619326,5
2.646031,3.9383297,5
0.69585764,6.5574656,2
4.256619,0.7749944,5
-0.52112544,5.3441343,8
-2.3246903,-2.365691,7
8.839499,4.9532065,0
-0.5956495,-6.407567,9
-10.020634,-2.7090979,7
-8.041105,-4.4243712,7
1.3969618,-2.0296435,5
10.205369,1.4905498,0
-7.7863426,0.22525045,9
10.109827,0.95977134,0
6.0427794,0.01195059,0
5.38943,-3.2357712,8
-8.123997,0.9240973,9
-6.3918858,0.07872084,2
-3.6635606,-2.2115119,4
2.651017,1.1560695,8
-7.8314114,5.830596,1
4.745993,-6.3605347,6
-7.713955,5.756956,1
5.149356,-5.6816807,6
1.759058,-1.1038256,5
-4.973077,2.807179,1
-2.4121883,7.423511,8
0.7607042,1.8391047,3
-3.8226035,-3.2833683,4
7.3759937,2.769254,0
0.95214784,-0.1293139,5
4.582416,4.246665,5
-2.9081748,7.752286,8
2.916913,3.658655,3
7.4311247,-3.0967195,6
1.6688691,7.726632,2
3.9907207,7.8869987,3
-0.6124159,-6.42643,9
1.1442863,7.286432,2
-2.080263,1.4965808,1
-7.0647225,4.576887,1
5.8614144,1.350743,5
0.83751726,7.160333,2
-2.2265403,1.3431281,1
4.07697,7.8875756,3
-0.0968218,-2.514122,2
-3.892804,8.91128,8
-5.8740916,0.80104214,7
4.1921787,8.020922,3
-8.179576,-5.8286724,7
0.8533899,7.109761,2
-2.758782,-6.5288625,4
7.983436,-3.4849687,6
-0.8285394,-5.4493747,9
-9.306348,-1.081074,7
-0.8196317,6.117511,2
-3.7034523,-2.4632082,4
-8.290268,-4.326622,2
-2.995658,8.048291,8
-2.2118368,1.0236852,1
-6.900881,4.764403,1
1.1313121,2.1523917,3
-4.015514,8.503606,8
0.22525541,-5.571222,4
9.020864,4.891456,0
4.4426255,-4.1267805,6
0.73119485,-0.879437,5
-0.8282585,-5.8015423,9
4.1107802,7.820849,3
7.621226,0.7319776,0
-8.091633,0.87894857,9
3.5788803,-4.065108,2
-3.8626077,-3.055793,4
-6.6487255,0.17169796,7
-7.698817,5.599191,1
-5.1073384,1.9762263,2
-7.482891,-0.114752755,9
-1.8363111,-3.9983528,4
1.0169278,6.996078,2
4.6199517,-6.4123335,6
-7.44902,5.108667,1
3.271252,2.4623091,8
-7.7940574,0.42690134,9
9.529162,0.51751137,0
7.6621013,-2.3182082,6
7.5029726,-4.828723,6
-9.101228,-0.8220736,7
-2.1059802,-3.7333043,9
-8.083345,0.8585579,9
4.514551,2.8687403,8
7.9942226,5.2568893,0
-3.964738,1.589483,1
-3.5771275,-1.9416902,4
0.85770774,-9.811468,4
7.824869,-2.3861732,6
-1.7227427,-8.771946,7
-7.0026937,5.2514377,1
1.2912476,-7.8157077,5
-7.48561,4.5738835,7
8.601315,1.1872717,0
3.397408,-1.1504214,3
1.7699205,-1.8453392,5
-3.5672917,7.449819,8
-0.55503297,-8.338647,4
-9.164576,-1.0470407,7
-1.276474,-0.5348453,1
0.6380842,6.795642,2
5.8790336,1.8124682,5
-6.402468,-1.4703728,9
6.279765,2.6997974,5
7.8105607,-2.3586555,6
-7.568055,-3.4953237,7
2.6288445,0.47796655,5
-5.3792467,-5.9597497,9
-0.7991505,-4.407152,8
3.2421966,1.2051054,8
3.3586168,-1.2103684,3
4.245164,-2.8324718,6
-8.153055,1.004924,9
-8.19145,-6.200621,7
7.8713794,5.1506076,0
-4.9257812,-0.8062861,7
0.35424477,5.663496,5
-7.2360525,-3.4439662,7
-7.665134,5.4354763,1
-1.3345331,-0.35909387,1
8.759595,4.0359344,0
-4.7964244,-8.789889,7
-8.116673,1.0504956,9
0.40974855,7.502171,2
4.488035,6.408719,3
-4.974805,2.8834476,7
3.429484,-1.0805446,3
-2.9597154,4.802105,2
-3.6291385,-2.0304308,4
-4.3392878,2.3916736,1
7.4608183,-2.455147,6
-4.53646,1.0604144,2
-9.338612,-1.0836023,7
1.9763957,2.853057,5
0.8346948,-0.026953734,5
-6.8467093,-4.2534084,7
-3.8249273,-2.919074,4
7.459379,2.9834,0
0.4697385,7.0185485,2
5.2179832,-7.2205863,6
-2.4313848,6.889597,3
4.3329716,-3.0218718,6
-8.478535,2.1340647,4
8.435497,1.6984657,0
-3.7448893,-2.6694322,4
-2.43189,-2.323932,2
8.042274,-2.049461,6
7.3198214,2.4369876,0
6.0456424,0.030150983,0
7.8346496,0.6671034,0
8.744797,4.257997,0
7.033074,1.1418773,3
-6.3725343,5.1342883,1
6.4311256,-3.0899692,6
0.31199723,7.2754726,2
-3.5124178,2.4322426,2
4.2135625,6.043898,3
-3.4757135,1.7841363,1
-5.6595654,-6.392132,4
-1.9396564,0.7421877,1
5.6561785,5.470724,5
-3.6067412,-4.440031,4
7.6446333,-4.9375935,6
0.7859814,-7.9694386,4
-9.088274,-1.6994958,7
-0.65088105,6.1576104,2
-3.829569,8.602875,8
-3.1486967,-8.97113,7
-4.8683085,-4.889046,9
-2.844151,3.0700989,2
8.672102,4.4107933,0
5.173401,-0.0244833,5
-6.277939,5.0635314,1
-0.6247238,-8.354305,4
-4.040183,-0.045614075,2
1.625045,1.384242,8
3.9664652,6.979717,3
-1.5176693,6.3089175,2
-5.692257,-6.220921,4
-5.5681124,4.1820803,1
5.72213,5.570637,5
-3.5689878,-4.405667,4
7.6265874,-4.9717116,6
8.459274,1.4215288,0
-9.466935,-2.8297975,7
1.7848773,-5.892846,9
-4.3618455,8.548945,8
0.5396019,-9.235206,4
-5.613663,-2.5426402,9
2.1247838,1.4205756,8
9.313951,4.51566,0
-1.668561,0.14173755,1
-7.199947,5.350442,1
7.2287087,4.3898306,0
0.4455798,7.284418,2
-2.7951682,3.8512058,2
4.107153,6.9918003,3
0.70224315,7.230776,2
-5.1911044,-5.918976,4
0.4242438,-6.402941,4
5.9076757,3.757317,5
-1.1862121,-0.5281679,8
7.872857,-3.8215616,6
5.275287,1.1693871,5
-9.300037,-1.2949215,7
-7.5389767,-6.015383,7
-4.091594,8.649679,8
2.8008235,1.2295793,8
-5.069113,-4.4898844,9
-5.8505487,0.04192876,7
-5.608767,-6.34285,4
-6.458041,-4.4986024,7
4.0574617,7.0532246,3
-2.4440305,4.4068127,2
9.363539,4.4362106,0
0.66092014,2.500322,8
7.8185267,-3.5601792,6
3.158811,1.3035425,8
7.938461,-2.6466246,6
-1.1278661,-0.90180814,1
8.061727,-3.5112538,6
1.7375244,2.2278244,8
-4.879564,-4.9322267,9
-4.1852713,-4.960132,4
9.012637,4.7634454,0
-1.4489357,-4.172174,9
8.403571,5.2278647,0
-1.2186637,-2.011811,4
-7.1640525,4.931146,1
3.280734,1.8407382,5
-5.8847165,-5.932536,4
-1.4534327,-3.8470297,7
5.7399006,5.4674063,5
4.0350437,3.3580096,3
-9.266777,-1.2043856,7
-2.085573,-3.5455828,4
-5.8357134,-2.6506479,9
-0.20389225,3.7571003,8
5.7918415,5.4131036,5
0.26137307,3.1353135,8
8.147351,-3.3507092,6
4.8910317,1.4117596,3
-3.064026,8.048642,8
4.731414,-6.125403,6
-4.31383,-6.411854,9
0.21553916,-9.339631,9
-5.746303,4.5025315,1
0.2655692,3.4114845,8
4.1522927,5.9221687,3
5.096783,2.9001164,5
-3.1815212,8.549307,8
2.307955,-4.7759733,6
5.6571817,5.497771,5
-4.6424656,-6.5097985,9
-8.328177,-3.3591518,7
0.9250353,7.8672733,2
1.9521064,-0.7909152,5
7.203937,2.6488469,0
-2.8548977,8.083631,8
0.38960347,-4.3805747,5
-6.565595,4.859504,1
-1.2849902,-0.60837454,1
9.040797,4.751377,0
-1.923967,-6.000347,9
-6.4636807,4.877048,1
-1.4755414,3.0110824,8
7.5127354,-3.2743173,6
-0.47794336,-4.9471703,7
9.450834,4.380712,0
5.5783525,-3.2293205,9
4.2498193,6.195034,3
10.611468,1.9516586,0
-3.1380162,8.263318,8
4.126834,0.85272527,8
-5.035213,-4.974728,9
6.8143206,-2.7196946,6
-8.658275,-1.243381,7
-2.7573154,6.3014355,8
-4.0472636,-4.406384,4
-6.8991203,-4.5406475,7
5.666914,5.5306544,5
-1.334856,-6.062441,9
-4.080434,-0.089326955,2
5.9843826,-5.082447,6
-8.862337,-1.1828785,7
0.1686669,-9.484782,4
5.584268,5.5334516,5
-1.1360682,-6.0655518,9
-4.025552,-0.073151745,2
1.7227988,1.5652322,3
-5.7846446,4.334517,1
4.787486,-5.2765203,6
4.0870857,6.961146,3
-0.6054068,-5.98727,9
-4.019495,-0.0865619,2
-2.3006005,4.4929676,2
5.5943837,5.238148,5
6.133777,-4.435341,6
-3.5250015,8.607814,8
8.836254,1.9845152,0
-8.695979,-3.2355146,7
-2.0261536,-9.088156,7
-7.5561776,5.6489625,1
-5.3805094,-1.148408,9
-3.153607,8.150686,8
-1.7485341,-3.2742553,7
8.367224,5.1925116,0
1.1695489,-9.621472,9
-5.890446,-1.9919313,9
1.5919365,-9.917625,4
7.7484503,-2.649238,6
-2.395727,4.051709,2
-2.8251646,8.379567,8
2.2331686,3.8218884,5
-5.8032703,4.49326,1
-2.45072,-5.484135,4
-6.1548653,4.6756606,1
5.2130966,-0.10000923,5
5.675986,5.4841614,5
-2.7359815,1.260154,1
-8.788202,-1.7078784,7
2.91774,2.780149,3
7.6872764,-3.9252954,6
0.39102617,-8.5241165,4
4.061556,7.406549,3
6.8008146,5.7077417,2
5.6894417,5.5782385,5
6.35777,-0.7414271,6
-5.1673155,-6.03619,4
0.7208212,-9.612147,4
7.936347,4.485568,0
7.077033,-5.179663,4
-5.496711,-6.304769,4
5.780661,-2.8563309,6
-8.848152,-1.6493431,7
-6.070868,-7.4397955,2
-5.548329,-6.252981,4
2.1293685,2.6782258,3
4.3152633,7.1818953,3
-3.3980758,6.508754,8
8.472413,4.9434943,0
8.786409,3.8304863,0
4.1830683,6.829476,3
-2.6261518,3.6284356,2
-3.9578528,-0.16696434,2
-5.126836,-0.7395411,9
-3.107411,8.577485,8
-7.5634375,-1.9522797,2
4.072301,6.9898953,3
-7.9044,-4.661677,7
7.7027555,4.9637327,0
-0.9010579,-1.119852,1
-6.58688,4.636878,1
9.696966,0.49000034,0
1.2675276,7.886086,2
4.284567,3.8756955,3
4.909715,1.9861774,3
1.6807973,1.3733201,8
-1.7621891,-7.9788685,4
1.0562,1.9858346,3
1.4291385,-2.3762376,5
-8.714953,-2.183586,7
7.581383,-3.8541334,6
0.036123477,-9.784734,4
-8.451271,-5.603524,7
-5.212401,1.8905873,7
-3.3572834,8.130294,8
4.0901847,1.4480457,5
-4.723318,-6.20349,9
-6.005733,-3.5849953,7
7.8223414,5.646929,0
3.24776,3.2828193,3
-6.6472354,4.6899743,1
-1.2904134,0.1497744,6
1.0166512,6.905834,2
-5.3971286,0.032958068,4
4.026493,5.055502,3
-5.6852093,-6.005922,4
-4.1507173,-4.9221416,4
-6.4494615,-4.390542,7
1.7890723,-1.7998343,5
-1.993069,-3.7924693,9
7.7920327,-3.4906466,6
8.845285,2.790492,9
7.6557984,5.5965114,0
-7.308525,-5.863668,7
-7.287212,5.0139284,1
0.515654,-7.5951066,4
0.92841977,7.1577153,2
-4.7099867,-8.783318,7
3.9983628,5.562018,3
7.0643973,-0.7911763,6
-9.461859,-1.1838791,7
2.4390996,0.72841024,5
-4.9187727,7.8740973,8
-0.89556515,-8.4781475,4
1.4391525,-2.0755882,5
5.5420885,-4.0419683,5
0.80577266,6.4873652,2
-7.054629,2.1390908,7
-6.8260612,4.8370843,1
-3.4555066,2.6496348,1
1.4679391,-2.1035664,5
4.3144255,-2.655807,6
-3.3053136,7.9526587,8
5.363803,1.7009821,5
-3.2010462,7.7901998,8
0.081939034,-9.606579,4
8.111709,4.49462,0
-8.921226,-3.466951,7
-4.6710963,-6.1104817,9
-5.074873,-5.628994,9
0.80506116,6.3721333,2
0.41359055,-7.894232,9
-8.297939,-0.6030532,7
-8.704855,-4.3860745,7
-5.842145,7.3715496,8
-1.8836012,-3.174621,7
-3.8331497,-2.9352381,4
-2.893322,4.7826304,2
6.566551,-1.6192844,6
-0.39015782,-7.4897895,9
-7.2443423,4.3134933,1
-9.950016,-3.3173523,7
6.4780803,-0.8629387,0
6.568706,-6.2487335,6
-3.4880705,-4.427946,4
-2.104813,7.535469,2
1.3346854,-2.327303,5
-7.0500555,2.1424909,7
8.238743,4.6985817,0
-7.2542863,-4.5166783,7
-7.3677945,5.11408,1
7.5260205,1.3822957,0
3.4554744,-1.5116067,3
-8.757071,-2.8185287,7
6.796214,-1.9969349,6
5.317058,4.8549776,5
7.524054,5.0110803,0
5.5964804,-4.530409,6
-6.3816466,5.2622824,1
4.074428,0.14062034,5
-7.160939,4.4035234,1
-8.083137,-4.4863496,7
-3.7324734,8.554836,8
0.9177083,0.16468199,5
8.099363,5.407545,0
4.4642506,-6.2063212,3
-4.2485104,-4.885505,4
-2.2039828,-3.3012285,7
-9.211475,-3.7593777,7
4.8609247,2.7644818,5
-9.165376,0.19503185,7
-0.042697497,3.5912206,8
7.051432,-2.205886,6
1.498192,-6.5764246,9
4.221603,5.469815,3
0.1943711,3.0979543,8
6.7970824,-1.7774379,6
-1.058857,-0.9053908,1
7.634394,4.9864783,0
-1.8031666,-4.3619823,9
-9.711558,-1.9189986,7
-1.5888668,0.388015,1
3.4761136,-1.4386379,3
9.9441395,0.581581,0
1.5680476,-1.8010316,5
5.2427835,-7.0677757,6
-3.9762661,-3.5187075,4
-2.287589,-7.056444,4
0.8341211,6.715449,2
0.049405385,-9.679796,4
-5.6563187,-6.3714976,4
4.3019147,4.2936277,3
-7.262352,4.36298,1
-8.299931,-5.6251545,7
-10.180473,-2.485767,7
4.9165077,-3.700648,6
7.7808914,5.375772,0
3.8914812,4.050524,3
6.716032,-1.780932,6
7.4715896,1.3085537,0
-9.512156,-1.0723753,7
-1.4945066,0.046618164,1
-7.663629,5.430471,1
0.48675933,-5.8219285,4
-5.316414,-3.8214025,9
-0.516119,-6.7418528,4
3.4029477,-1.5319409,3
-3.3114069,-6.574252,4
-5.4335604,7.678277,8
1.1966084,8.085192,2
0.79130036,6.2380576,2
-3.8602722,2.1689317,1
-5.1460705,7.8382435,8
-4.0188904,-8.486804,7
7.986538,5.9305444,0
1.4879518,2.1622,8
-7.0116935,4.026401,1
8.440292,1.0810543,0
-8.179826,-6.5861745,7
5.138912,-3.0880413,6
5.135774,5.5535026,3
-6.75579,-3.581974,7
-8.282531,-0.575254,7
1.0604528,-8.50012,5
-3.7838073,8.518611,8
0.095907375,3.096028,8
-5.795951,-1.1010935,9
10.357907,0.56288165,0
7.9853487,5.919301,0
8.276932,-1.9229708,4
-6.2889276,2.8302364,1
1.9258447,3.6934676,5
-0.91098857,3.0301306,2
0.3219267,5.581356,2
-8.10396,1.1404728,3
-8.020642,0.6174838,9
-3.6762383,-2.8243983,4
-0.69462955,-8.124457,9
1.6558834,-0.20729516,5
10.357881,1.8486917,0
7.2038927,-2.2341504,6
-1.8646593,-3.1931207,7
-10.048244,-2.7797377,7
-3.926048,1.8667887,1
3.5637825,5.997402,8
8.216666,0.42790025,0
-6.9514976,1.8662122,2
1.0311241,5.5435066,2
9.811376,4.6028433,0
1.3600634,-7.298961,4
-7.092843,4.819557,1
-1.6864892,0.13803965,1
-0.94963044,2.967518,2
-8.4749565,-5.2854595,7
2.7829638,5.2419305,3
-1.0358465,-5.0279574,9
-8.847153,0.5945588,7
-2.1907291,3.739679,2
-3.7256954,8.746272,8
-2.237036,0.9151274,1
-6.0343795,-1.7860705,9
3.9798305,-0.49122474,5
-0.0078121573,2.2197208,8
3.1623158,1.3258951,8
-5.0504184,2.7601018,1
-7.9682646,0.7275472,9
2.577237,6.3707967,8
2.7939475,2.6382496,3
-7.7162466,5.7262774,1
4.872657,-1.8574966,6
1.577255,-0.07433996,5
-7.279461,-5.225646,7
-3.6854832,-2.8099992,4
-1.4838629,6.3185015,2
1.5248169,-3.9102097,7
7.7397914,0.9583943,0
2.2203293,5.313507,3
10.329067,1.9844923,0
-5.219263,2.7269528,4
-5.731068,2.3880496,1
-5.776333,2.611141,1
-8.797385,-1.5931658,7
-4.623253,-6.1588454,9
-2.4607203,1.0719588,1
-7.088503,4.386184,1
2.427425,1.4908564,8
5.7990446,5.4386053,5
-5.5464873,-0.19534492,7
1.8914478,-1.4782002,5
9.93887,3.27075,0
7.8869333,-3.3392503,6
6.1592984,-4.5089736,6
9.640879,4.3865347,0
0.107131205,-6.0645804,4
-6.1698055,2.9369557,1
-1.3093494,4.918104,2
1.7185702,8.2998705,3
-0.6201225,-4.966483,4
-3.746391,-2.4136186,4
4.5225525,-2.6946034,6
-2.6320646,7.3235593,8
10.672157,1.5718092,0
-4.7149625,-6.167603,9
4.766659,-0.6382911,5
0.69388133,3.7085805,8
-5.803286,1.5418261,7
8.8357525,4.441814,0
4.894658,2.0523486,3
1.9025407,-0.30288333,5
0.028953165,-5.988667,4
0.33741632,0.6869562,5
-0.83163977,-5.8044066,9
6.5988903,-1.9831519,6
-8.464018,-5.1483665,7
-7.3581896,5.0674887,1
-0.5992251,-8.000441,9
0.00549085,1.310039,6
-3.632979,2.0900607,1
2.3973677,5.472593,3
-1.2707149,-0.10951778,8
1.9407601,-0.6446089,3
-5.0850124,-3.9100888,9
-7.7317514,5.667412,1
1.6283673,6.83284,2
-8.912443,-0.62607443,7
-7.595606,-1.1992143,7
1.5489308,-3.8414814,7
8.143911,0.7190522,0
-0.26489717,7.9258437,2
3.2677646,2.6136765,3
-7.4448256,4.4675364,1
-3.3207858,1.7640637,1
-3.743772,-2.6068563,4
1.1319821,5.4081182,2
1.8566222,-0.8536385,5
5.8661203,-3.198786,6
-1.6505373,9.39097,0
-5.3709598,-3.3025708,9
7.5278635,-2.3609736,6
-3.6890767,-0.091278285,2
4.1738176,3.077355,8
-1.3381237,-4.8321986,9
-2.0818212,3.8604767,2
3.1695528,2.2509506,3
4.8989,5.109045,3
5.517803,-4.1880245,6
-4.6129875,-6.1449656,9
-3.9456873,1.5455263,1
4.0527163,-2.416569,4
3.5353074,2.2951446,3
4.9083376,4.9911985,3
8.924203,1.4309524,0
-8.993416,0.24801292,7
-7.4751797,-3.3508022,7
-7.667496,5.3944287,1
-6.8303275,-4.369696,7
-8.595703,-0.58539784,7
4.8175898,1.6877723,3
7.2711973,-2.2578185,6
1.8874639,-9.670936,4
-5.9744644,-2.6417398,9
6.8118734,1.4546156,5
-3.727124,-2.576085,4
-0.25791302,-4.7834506,4
0.22810203,0.6545186,2
-1.8024043,-3.15432,7
-5.98665,-2.223809,9
3.6924734,-3.8544066,0
-5.7327514,-2.4155638,9
3.7470322,2.4927545,8
-3.735937,-2.6723738,4
0.4491656,-8.362701,4
-6.148593,-1.5867531,9
-2.941111,1.6779962,1
-0.39192474,7.9196362,2
-2.3055737,-8.155195,4
-3.8703246,-6.430338,9
1.4253408,2.8299234,3
8.011037,4.1790013,0
-3.0679255,-5.271772,4
-5.1744666,4.220069,1
4.514155,-3.167258,6
-1.3195343,4.9981356,2
7.166128,-4.0984626,6
2.3155823,8.798782,3
-4.724672,-8.270523,7
-3.0250459,-7.0661387,4
-2.6799374,4.218006,2
6.923784,-5.30518,6
2.3473432,-4.8544855,6
-7.9460535,-5.0018106,7
-1.1833168,-0.81548977,1
-0.15878472,4.2599354,8
0.8749002,-9.166692,9
7.54171,3.8694446,0
1.7251954,-9.686468,4
-4.7843256,3.8976521,1
0.5817089,-7.6242514,4
-1.4373955,4.9403358,2
-3.1218033,1.5783246,1
-0.06166868,3.8444743,3
7.1053605,-4.0103498,6
-3.9023497,-7.22296,4
5.763292,-4.7065763,6
-8.898465,-1.8241633,7
5.6634526,2.0291257,5
-0.104937956,3.9612107,8
-8.001111,-5.5309935,7
8.324866,4.5287905,0
4.0903025,1.5816721,5
-5.5601892,4.600734,1
0.07223392,-8.2478895,4
-1.9707575,1.9160836,2
-2.4444988,8.776604,8
-5.4156456,-6.258129,4
-6.960863,-6.0655828,7
-8.708273,-2.4532049,7
2.8744822,2.8914182,3
7.710713,-0.78808403,8
1.35001,-7.2596717,4
-4.3251853,-6.8465986,9
3.2114596,4.3477917,5
-2.8178184,-0.10848694,8
5.5403404,-5.5050025,6
-7.6581383,-4.9148664,7
3.743669,2.9845068,3
-5.406805,0.1571215,4
4.7764444,-2.6820111,6
-7.6940455,-2.9686525,7
-2.424559,1.267865,1
-7.730613,-5.042729,7
0.32428682,-6.724908,4
2.310842,8.812104,3
1.5637882,3.3936772,3
-5.9383397,-2.0049677,9
3.6783261,2.6506755,8
0.043929324,3.6956217,8
-1.7827376,0.4539656,1
-4.9038486,-6.3944135,8
4.4393477,-2.5879138,6
2.2717617,8.91399,3
-2.265449,0.8367578,1
-2.9037,2.5021281,1
-3.5230718,-6.6753964,3
2.0401742,-2.1594787,5
-2.698592,4.687497,2
-0.11143931,3.6811717,8
-2.4033713,-7.4866776,4
-1.578894,4.601211,2
-5.3032837,-2.349612,9
-7.427518,-4.6669416,7
-1.9131186,0.76804554,1
-3.8651376,-7.5273476,4
3.4348836,2.3780735,8
-1.5335015,4.7184978,2
-1.0258759,-5.642075,9
5.559956,-4.060619,6
-1.2513548,-8.490126,4
-4.251312,4.2180924,1
-0.09051395,-2.5278838,3
-3.94822,-7.443805,4
-1.282862,4.652182,2
1.7162099,0.12566029,5
-0.69255227,5.9265223,2
1.6823827,0.028208062,5
5.995587,-6.2201486,6
-0.14734282,4.129718,8
7.379984,2.8580863,0
6.882932,-5.84654,6
-2.699252,2.52544,2
-4.157354,-7.3511305,4
-2.229023,-6.659425,9
-4.005342,-7.4502926,4
-7.15507,-1.038081,9
-4.3522725,-7.1175785,4
6.9584165,1.1908354,5
-4.4537816,4.2887325,1
5.3599896,0.71492773,5
0.0055016675,3.5394294,8
-3.360971,-4.702141,4
-7.427042,-4.3544703,7
1.901863,1.6518598,9
1.5055631,-2.106326,5
-5.538104,-1.0617446,9
1.5785542,-2.0455437,5
-1.0664021,-5.1715927,9
-4.2852154,4.2802324,1
3.5616655,0.085924804,5
-0.08067408,3.898698,8
4.621659,1.8577726,3
-4.4534874,-6.744318,9
-5.73709,-2.113642,9
-3.8995295,3.7823708,1
-2.8118076,6.677391,8
2.5301874,8.690087,3
0.64528847,3.665075,8
7.430008,-5.0678887,6
3.9519694,-0.46962613,5
-4.010913,-0.094398595,2
-7.675562,-3.1289346,7
-0.6122666,8.574463,2
-9.324175,0.3966829,7
7.563236,-4.578317,6
7.774628,4.0678396,0
-4.0894485,-6.7861605,9
-8.49691,-5.653712,7
-5.7150536,-2.5179381,9
0.06692529,-8.347265,4
6.82448,-3.3647256,6
10.303137,2.2969565,0
1.4594725,-2.465798,5
4.162951,5.4263463,3
1.8519304,-2.0839567,5
-1.8180258,-9.20829,7
2.240754,8.824365,3
-5.861735,-1.270987,9
2.1477787,8.859217,3
5.0549603,-4.1632237,6
-0.17667109,4.098258,8
3.1522415,2.477465,3
-5.1202455,3.372428,1
-5.738986,-7.808202,7
7.4865894,-3.4221785,6
5.2574706,4.882947,5
1.4519072,-2.2058456,5
-2.0149486,-3.4492798,7
7.8518953,-3.5482016,6
2.675661,-4.4211507,5
-3.1772892,7.9717226,8
3.1260724,-4.0082693,2
-4.807842,4.398108,1
-8.808452,-3.2262878,7
-4.4611993,-6.687344,9
-2.542435,3.390425,2
-8.560108,-1.6103293,7
3.9276958,1.7562801,3
6.4781637,-3.3051841,6
-1.6345055,-3.2570024,7
-2.2709746,8.306779,8
4.207644,0.35431874,5
-4.5242577,4.6029544,3
-2.3850343,-3.1220021,7
-8.038374,-5.424893,7
3.2747989,1.2448177,8
-3.8255112,-7.1909423,4
8.551371,5.4431686,0
-7.970681,-2.5783355,7
1.2339882,2.120733,3
7.4473433,3.8047476,0
4.550428,-2.942316,6
2.3341842,8.791253,3
4.5407333,3.6889348,9
-8.5025425,-2.627424,7
-1.35197,-0.25966933,1
-5.6176605,-2.7214446,9
5.9892077,1.8224306,5
2.15011,8.86605,3
7.0381494,-2.793005,6
7.583755,4.008427,0
-0.0063002454,-6.050921,9
-3.8616254,-0.016023545,2
1.6503304,1.5922906,8
10.405236,3.658384,0
1.5303705,-6.1388087,9
-4.702467,4.5137,1
5.1950083,-7.2266684,6
8.585856,3.7070165,0
9.761302,2.514073,0
-4.6344147,4.3100486,1
1.0816057,-6.6288643,9
8.281895,3.911665,0
8.925758,2.4598384,0
-3.9058082,-7.247825,4
-0.14275752,-2.4986575,2
-4.390066,4.315829,1
1.0304121,-4.618998,7
7.2120795,3.5417497,0
2.8715043,1.8826096,3
-3.4036813,-6.729181,4
1.204044,-9.886166,4
-8.3096695,-2.7910392,7
3.9716969,-0.4407653,5
-5.59021,-2.8719726,9
-2.8243337,6.412901,8
-0.9238464,5.5748315,2
10.135851,1.9896662,0
7.1803694,3.5869014,0
0.20687158,3.4927256,8
6.5149384,-3.2678719,6
-4.5566564,1.1131985,2
-0.8292486,5.7355833,2
-8.606912,-3.742515,7
6.8610764,-3.6403496,6
-1.6138991,0.15301856,1
-1.4230148,5.041953,2
-1.3843085,-4.779001,9
-1.6615235,4.897199,2
5.589794,-2.4316092,6
-1.1857256,-6.147876,9
-7.402441,-4.5618105,7
-3.817254,-7.2202425,9
1.3547838,-7.8621035,5
8.806682,4.999086,0
5.538757,-2.7125897,8
-6.069392,5.0496254,1
3.7058835,-0.33204728,5
0.6987024,6.5049767,2
-0.8631881,-8.398547,4
4.205784,4.0262666,3
-3.6212194,-4.05517,9
-8.696926,3.3915913,4
-2.351113,-4.6174855,7
1.6687504,-1.1814027,5
4.8511844,-7.162386,6
6.0367284,-2.523334,6
1.2598337,-4.720066,7
-9.083181,-3.4050536,7
5.381221,-5.4016485,6
-3.7740014,8.685559,8
5.775492,1.8069062,5
-7.0380692,-0.14034766,9
-7.6384063,-3.4476426,7
6.0092163,0.051861055,0
5.2375298,-7.1138353,6
-6.732124,5.2507777,1
-0.66739476,-5.0439563,9
0.74179095,6.3349,2
4.671124,2.553443,3
3.1186452,6.015251,3
1.1842384,-1.6591108,5
-3.8403137,-3.3913403,4
2.9625022,3.0656495,3
1.4913843,-2.1244936,5
0.010453388,1.9744632,8
6.224716,-1.8254508,6
1.5178096,2.3383088,3
-9.820095,-2.4311104,7
-1.4973092,6.3366036,2
-4.6077724,8.504006,8
1.4100972,-9.907091,4
-6.952183,-0.34302816,9
0.7662218,-0.41905627,5
8.561135,5.1040163,0
3.696579,-4.179753,2
-5.116872,3.6074073,1
0.24200481,-7.626471,4
0.7380637,6.1062036,2
1.7030271,-9.8869295,4
4.2626753,5.2843447,3
-1.6378787,0.034034617,1
-9.386509,-1.1302415,7
-1.0474721,-0.9480064,1
-4.654374,8.458676,8
7.6631837,0.51980424,0
-8.247438,1.0941571,9
6.6198444,-4.5017176,6
-3.882828,7.8424153,8
-3.6168985,1.9812369,1
-7.920251,0.47705364,9
1.1609352,-9.817088,4
-8.6004715,3.595697,4
-0.36588266,-8.038826,9
-6.104135,2.748301,1
-2.8348632,6.169189,8
-7.9712462,0.6858415,9
5.1265197,-7.2659893,6
1.6705759,-1.1304371,5
3.7550645,-1.6182936,5
4.208312,7.0560503,3
3.0319905,2.5976489,3
8.73319,4.709383,0
-1.1571048,-0.8556676,1
-7.888838,3.8308349,4
3.500896,2.4154809,3
-4.339703,8.215214,8
1.4481596,3.2120333,3
-8.228499,4.293637,4
0.83815926,7.7598395,2
8.832696,4.9564357,0
-9.072811,-4.5847454,7
1.2657669,-2.4398236,5
1.9572712,2.415791,5
-6.5912447,3.9382296,1
0.42201623,3.5451589,8
1.6611947,-1.2385145,5
2.72181,3.3457308,3
-3.8765981,-3.055587,4
4.964475,-6.945766,6
8.922536,5.025181,0
4.0670714,-0.059112787,5
-6.8206544,-0.40688354,7
-1.6321229,0.7298036,2
6.531619,-4.5525055,6
4.9055753,-7.055102,6
8.316729,3.8540144,0
-4.6541147,2.6232798,1
-6.278561,5.0974174,1
0.20633985,-6.183965,4
-8.941971,-1.4681228,7
-4.820435,-2.8416853,9
8.905535,5.068249,0
8.833111,1.2473099,0
6.318272,-2.470238,6
4.8167543,-6.856448,6
-4.679142,8.4408455,8
4.39828,-2.8301742,6
-6.3802056,-1.3774505,9
-0.18124524,-8.263616,4
1.81161,-0.8053607,5
-1.0794457,6.4267793,2
-8.777427,3.4994273,4
-3.6919665,3.7572727,0
-9.30433,-1.2301606,7
3.3303344,-1.5535961,5
6.1562505,-1.9069096,6
1.9362501,2.6350377,5
8.51106,4.846157,0
1.7153648,-9.24617,9
-4.3346014,8.7813,8
4.6528287,-5.4224906,6
-6.3886843,3.137017,1
1.4209267,-4.6503563,9
-9.151512,-1.111721,7
2.2582672,0.9145473,5
-8.978305,-1.3219795,7
5.6989584,1.7158909,5
-7.2808337,4.9603257,1
-1.7747272,0.73476845,1
4.7146406,7.727825,3
10.296812,1.5973679,0
-3.9132192,-0.67813903,2
9.99726,1.1957331,0
4.1380386,7.217181,3
4.194897,0.82034427,8
-7.583486,5.9729195,1
6.7917385,-0.8761295,6
-8.7669115,3.4653366,4
4.311303,-7.0886307,6
0.74107385,6.217142,2
5.273564,-5.1466894,6
-8.769671,3.4468098,4
-0.01525365,2.8603241,8
-3.3173306,7.7523494,8
-1.1550914,-0.75334126,1
-7.860998,3.6889236,4
-0.52101,-8.502208,4
-7.0132337,-0.33484402,7
-1.2799329,-0.40819585,1
0.73309714,6.248895,2
0.56999934,9.31115,2
4.247274,7.0678124,3
0.25787193,-5.624336,9
5.472568,-2.7235298,6
-1.2237018,-0.7155925,4
-6.250913,-1.6851658,9
3.7937243,-0.26750657,5
6.180396,-1.8028034,6
1.2366999,8.198861,2
4.5101686,7.3394184,3
-0.66807556,-8.422332,9
0.7562104,6.2326617,2
4.9173727,-5.9032307,6
0.74054956,6.2910304,2
-6.4392548,-4.402398,7
-3.708489,-2.4346302,4
2.6901817,4.7326107,3
7.095788,-3.2300808,6
0.27059877,-7.2215905,4
-8.00266,0.70512086,9
-7.4776387,-2.5371332,7
8.7749605,5.1690054,0
-2.7128735,2.6898782,2
-3.8926497,-0.8345364,2
-4.4774337,-6.40656,9
1.6379356,-1.4349496,5
0.75380427,-7.6532726,4
1.6376475,-0.70928437,5
7.670443,1.3529084,0
-6.70536,4.739803,1
0.034666497,-7.801335,4
3.688715,4.0703073,3
5.345398,-5.192253,6
4.286109,4.150709,3
0.23481649,7.916305,2
-6.7617717,-0.5021707,9
-6.211543,-5.2584143,7
1.9004807,-0.6982324,5
3.2625632,2.0458908,3
-9.655043,-1.280039,7
10.526499,1.5394977,0
-7.0207553,-1.1459539,9
1.9677639,2.730141,5
-4.6922836,8.361624,8
1.6099803,3.3381,3
0.7571269,6.109019,2
9.898367,0.87541777,0
-7.3717594,5.052706,1
-2.010806,8.491553,8
4.114568,7.454861,3
4.938857,0.4467426,0
-7.3949513,5.169716,1
-1.764338,5.9052153,2
3.8926866,6.9350605,3
-0.16224296,-8.292202,4
8.718552,3.3834393,0
8.639511,1.7380896,0
-3.472472,1.5382061,1
-2.3162014,-8.89348,7
-2.4047146,4.018551,2
-7.9404664,0.5256774,9
4.130051,5.167206,3
-4.979721,-2.1849153,9
-2.4589696,-6.41685,4
-5.7041435,0.7395611,2
0.798507,-0.07845243,5
4.1320424,0.96134084,8
5.6116934,-3.5167718,6
-6.095936,-5.4943423,7
-8.316483,-4.2197027,7
0.7119082,-9.2811165,9
-3.3834138,8.052074,8
-0.8980058,-9.11809,9
-3.4994457,-3.266064,9
0.12228334,7.766914,2
9.812425,3.6565828,0
9.788995,2.1514683,0
-5.5747266,2.489503,1
0.0060061,-7.7485094,4
-2.5916169,4.662401,2
-0.74719954,-8.363789,4
4.216066,3.7614782,3
-0.26920962,-7.9262066,9
-2.3890085,-6.772756,4
2.01356,3.7268336,3
0.91495734,-1.4239553,5
-7.1512294,-4.6047473,7
6.6851416,-4.46861,6
0.8359587,-1.2640088,5
-8.0245495,-3.7284465,7
-2.0268047,0.622085,1
-3.2999744,7.382907,8
8.253343,-2.2830703,6
-4.807742,-3.2487636,9
3.122254,1.7193323,3
10.086338,2.4221468,0
-0.05894743,-9.524367,4
-5.1293116,2.9314542,1
-1.58884,6.9101167,2
-2.5585918,4.7364283,2
3.7685952,0.13139555,5
4.069869,5.3048096,3
-4.798586,-8.8194895,7
-2.6873252,-6.401203,4
-1.3887552,-0.1906556,1
-8.4838705,-5.003676,7
-3.3784218,0.9022581,7
-2.8201525,7.7796917,8
-4.299208,2.3710504,1
-5.330503,-2.5296986,9
-1.4430025,6.582148,2
3.9761536,5.074997,3
-0.41222802,-2.8133361,2
-2.495048,-5.519641,4
10.400506,2.969754,0
-5.225104,2.8939757,1
0.48295838,2.2412152,8
-3.005264,-4.8579407,4
1.731048,2.9939742,3
6.2334642,-4.2269444,6
5.166774,2.6561384,5
5.4510674,-3.3187811,6
0.60045284,-9.684137,4
-8.214942,-4.312155,7
6.547535,2.7904253,9
3.558671,4.5415506,3
-0.90423787,-1.1474273,1
3.6783345,4.638549,3
9.199114,4.700731,0
0.22575998,7.781663,2
-5.1455674,2.289866,1
-5.2438645,2.2977579,1
8.604094,1.3565172,0
-4.493944,-5.5645614,9
-0.5099079,-7.3712463,9
-2.4636838,-7.3305573,4
4.7108655,-2.730848,6
-8.243346,-3.870231,7
4.069523,-6.9777513,6
4.0370483,5.81574,3
1.9302615,-1.787748,5
0.78841233,-0.15500401,5
-0.23097365,-7.9218574,4
-2.9146829,-5.9100842,4
4.703316,-5.247681,6
-1.8529589,-6.188223,9
-1.0639154,-0.91174656,1
-4.7160554,2.3275838,1
4.0907674,3.5373166,3
-4.1271915,2.2874184,1
-1.7793978,0.41547036,1
9.378266,2.875578,0
3.4464889,-1.2241945,5
-4.962182,2.2830675,1
-2.2319543,0.715422,4
-2.1224828,-5.0303345,4
5.484135,-5.2178493,6
6.3658133,-3.9552202,6
5.150699,-5.6202617,6
8.863808,2.7081957,0
-1.253416,-0.5281958,1
-2.5785327,4.147504,2
7.730586,3.505936,0
-3.2956476,7.3763375,8
-1.8842481,2.6446297,2
-0.19344682,7.555865,2
-1.3019905,-0.41303882,1
-4.9549413,2.877614,1
2.3207586,3.71923,3
-8.397995,-5.51543,7
-0.66783065,-6.439787,9
1.8054433,-3.2884583,5
3.4529934,7.4474516,3
10.213111,2.028366,0
1.0670056,7.198538,2
10.327529,1.6288049,0
6.2867684,-5.1771736,6
-2.388952,4.3841386,2
-5.697677,-1.62078,9
10.438333,1.8690975,0
-6.7907324,-4.034019,7
6.8510256,-4.516391,6
-0.45866638,-7.9189706,9
-1.240259,-5.560798,9
-4.4540663,2.5457609,1
-1.7387931,5.885565,2
-1.5626389,-4.574736,9
3.7386365,4.7699275,3
-1.4118168,-6.266462,4
-8.151492,-4.2691116,7
1.1754276,-6.7780485,9
5.685863,-2.4573128,6
9.354881,1.010052,0
-1.2564343,-6.0034957,9
0.6777598,-5.647869,4
-3.2465825,7.967797,8
-6.8300796,-4.3940263,7
-8.239733,-3.9263728,7
-0.84444284,-7.7718325,9
-3.3313756,7.8437376,8
0.044221174,1.2213272,6
-1.7854636,-6.204686,9
4.073012,1.8090192,5
-1.5718967,6.202143,2
-4.0976024,-0.18124749,2
-1.6030455,6.117696,2
3.8358026,2.932698,3
-1.6280526,-6.9140306,9
-5.402323,7.861677,8
-4.4823985,7.612855,8
3.1461687,2.4275448,8
6.5235496,-3.1441667,6
-1.65145,-5.801565,4
-3.4741995,-4.433658,4
-0.6204562,-8.774587,4
-3.627985,-4.4221916,4
1.7776088,7.7112565,2
-3.4428563,-4.482951,4
5.8671384,-6.612354,6
10.26978,1.7913513,0
-6.970485,-3.6983428,7
10.413933,1.8481307,0
-1.3297327,-2.879836,7
-4.055363,6.322022,8
1.712254,7.703227,2
10.107948,2.9085503,0
0.6028723,0.031129641,8
-3.3139777,7.5001664,8
4.3555903,3.726122,3
5.792359,-3.2968976,6
0.26223347,3.2732174,8
7.0425553,-4.7093344,6
4.720128,-7.0624814,6
-2.6503234,8.494708,8
2.9360242,-0.35515335,6
0.99800205,-1.5304457,5
-1.1280487,-0.8743282,1
-4.978267,2.7993405,1
0.022784926,2.3461392,8
-8.610892,-4.0918026,7
4.2773705,1.1250074,8
3.8574398,6.836584,3
4.5987196,-5.293481,6
-3.3398616,7.4318547,8
-0.53451484,-7.4517508,9
0.63113886,-0.8921154,5
8.1270075,1.4838378,0
10.223674,3.7099316,0
10.231838,1.1719409,0
3.8901496,6.592715,3
-0.555024,5.7150755,2
5.901468,-2.3069303,6
4.81364,-6.095977,6
-8.98458,-3.577916,7
-2.8270206,-3.210902,8
3.697697,6.515268,3
-0.5890092,-3.7665486,5
-4.780368,2.680548,1
0.11724128,-6.156716,4
3.9398232,3.7687113,3
1.0288873,-1.6660681,5
-5.2557397,-3.7706473,9
-0.9599899,-1.345546,4
0.76465786,-0.43492737,5
2.6270218,-1.7558148,4
-7.228041,4.2580333,1
-1.8449686,0.76670647,1
0.6077036,-0.41516134,5
-3.5353715,-4.2387853,4
10.07483,3.5833545,0
-0.45498902,-8.602646,9
-6.3188014,0.050949067,7
-1.5903149,-0.018197782,1
-1.3757364,6.4631114,2
3.6103754,1.2222109,5
-8.5195,-5.2310514,7
-0.04540635,-9.711177,9
-2.829889,-6.600183,4
10.325195,3.4653127,0
3.1205263,6.9055696,3
5.757459,-5.154311,6
-5.4034696,3.252639,1
-4.7417536,-0.84641266,7
-9.019461,-3.3858812,7
3.5126882,-0.44993263,5
5.7612114,-2.1595373,6
2.4005127,2.4625087,3
9.02046,2.9276543,0
-1.170987,-0.7547665,1
-2.9797983,2.3836074,1
0.5370952,-9.325262,4
-1.9681082,1.9756427,2
0.71507233,-7.448067,4
3.5374315,5.2884364,3
7.172893,-4.58542,6
-2.5054333,-7.8613796,4
-5.9208064,2.1803439,7
3.8636394,-0.20462956,5
-7.2516646,-4.0085235,7
6.34365,-5.37386,6
-0.4029313,-4.6402144,9
-4.883119,-8.795546,7
-2.304906,-0.9395336,2
0.17160234,3.4559815,8
-2.5149367,-3.4386928,4
-0.4820242,-7.7651677,9
-2.155314,8.823588,8
9.558498,2.53369,0
-3.2717152,-8.93251,7
-4.0450454,3.8221068,1
-7.332437,5.427611,1
-3.1939697,-0.422617,2
3.1191692,3.1593602,3
1.5511265,-5.8535433,3
2.0006282,2.740835,5
-3.5879276,-7.305703,4
5.0598154,-4.654743,6
0.43536562,-0.72953343,5
9.953593,2.1900563,0
6.289486,-4.2628784,6
2.677738,4.1613626,3
-8.044394,-6.146718,7
1.7570335,4.1109076,3
-0.0801266,4.5614195,8
-2.4855714,3.962031,2
-4.518014,2.4642239,9
10.358464,0.13198085,0
7.8074346,2.5108795,0
-0.46144956,-5.9949517,9
-3.6453776,2.14361,1
-2.5147738,3.5406344,2
-3.338161,-0.46242255,2
-0.8127266,-6.359378,9
3.8274384,5.1954484,3
-0.49846628,-7.608038,9
-3.129647,-6.543634,4
5.0082693,-6.918287,6
5.790346,3.9531038,5
-0.39129385,-2.8318746,2
5.754044,-2.308408,6
4.761065,-2.518169,6
-8.448307,-2.7600603,7
4.824773,-6.8448095,6
-3.2205462,8.254639,8
-2.6152375,4.7228675,2
-5.960316,-1.8478482,9
-0.7357203,6.8024783,2
8.696282,2.982478,0
4.6643,-3.9916153,6
-6.265818,-3.7571952,7
-1.5113288,6.291388,2
-3.267988,7.280194,8
4.4822736,-2.7105927,6
-1.7062954,-4.905818,9
3.65635,-3.8999097,0
-5.214659,-3.885388,9
-0.059081797,1.2313588,6
8.175385,3.1010153,0
2.8607502,4.099669,3
-4.9086423,4.412396,1
-2.3967566,1.1033345,1
-2.9116054,-6.8056865,4
0.18129472,-9.322108,9
5.6901817,5.617627,5
3.12629,2.8309531,8
-6.3639646,4.9329515,1
2.3341968,-4.788687,0
5.7223053,-2.392357,6
4.8078804,-6.8789883,6
-7.77115,-3.2790592,7
-1.8491472,3.0615466,2
4.261182,5.8587766,3
-0.5282272,-7.9821506,4
0.58827925,7.724879,2
2.1170273,5.178544,3
-1.3341881,-6.0061946,9
9.879567,1.1049492,0
8.438646,3.185268,0
-1.4383296,-4.1322365,4
5.537096,4.7964334,5
10.183595,3.634056,0
5.325974,-2.029574,6
-0.025112204,-8.436571,4
-8.741981,-2.4803252,7
-0.25403762,-6.966589,4
3.4351406,7.5167413,3
-2.5190718,1.0683813,1
-5.153015,-3.1116679,9
1.2490451,3.2443743,3
-1.8626361,-4.3503537,9
0.9094974,-6.868219,9
4.120025,5.7778454,3
-1.8029001,0.13403384,1
-0.04057526,3.6588557,8
-8.125742,-2.8170593,7
-2.577762,1.2910849,1
-2.8413143,-9.066852,7
-2.610811,3.4937637,2
1.2732959,-5.9253116,8
-1.5091794,-4.9587703,9
0.024494708,-8.060171,9
5.756295,-3.0995896,6
1.4652914,7.7361355,2
-7.90123,-5.0655656,7
-2.907999,4.4996862,2
5.6099076,4.8063912,5
8.852417,5.102621,0
5.960794,-4.9804583,6
-1.8034762,-3.4160717,7
2.7675896,4.2651157,3
-0.42944625,-7.2702556,9
5.7936983,1.7698762,5
0.73394823,-6.7037,9
8.412776,3.7436686,0
4.20471,2.8166165,8
2.2131095,0.047991116,5
3.5587485,2.2183373,8
-3.322297,-6.2552805,4
-0.27967098,-5.063574,9
8.051845,3.03127,0
0.9050614,-1.4585992,5
2.6306796,8.62796,3
-0.55394006,5.8057647,2
-1.4195607,-5.9039583,4
4.614701,1.0010145,8
-5.8595076,-3.7781508,7
-1.6956056,-8.1238985,4
-4.069696,2.1818056,1
1.9810865,2.4569724,5
-1.8746897,-8.174962,4
6.0273333,-6.332496,6
5.300875,4.213532,3
-0.43527144,-5.0944896,7
-8.174092,-5.4026723,7
0.8668331,-7.018612,9
5.686546,-3.7645218,6
6.7163024,-3.3618162,6
-3.1122446,-0.45820183,2
-4.5819597,1.1519653,2
-3.9437,3.621555,1
4.637616,-5.2896333,6
1.9631997,0.075860776,5
-2.3714416,-2.9877176,4
5.7061706,4.829429,5
3.7137442,1.7560228,3
10.35382,3.2987933,0
3.6049473,0.7362098,5
5.68829,3.9483333,5
-1.8078687,3.0259788,2
8.574256,3.5581346,0
